question,answer,story
The secret garden was located on the rooftop of the tallest building in Verdantopolis.,True,"In the bustling city of Verdantopolis, where the skyscrapers almost touched the clouds, there was a secret garden hidden on the rooftop of the tallest building. This garden was tended to by an old man named Elio, who had been caring for it for decades. The garden was home to the legendary Night Blooming Fern, a rare plant that only unfurls its petals under the light of a full moon. When the fern blooms, it casts a serene glow that can be seen from miles away. Once, the mayor of Verdantopolis came to visit Elio's secret garden, seeking the fern's luminescent beauty for the city's grand festival. However, Elio, protective of his garden's tranquility, gently refused, saying the fern's glow was a gift for the sky alone."
Elio allowed the mayor to take the Night Blooming Fern for the city's festival.,False,"In the bustling city of Verdantopolis, where the skyscrapers almost touched the clouds, there was a secret garden hidden on the rooftop of the tallest building. This garden was tended to by an old man named Elio, who had been caring for it for decades. The garden was home to the legendary Night Blooming Fern, a rare plant that only unfurls its petals under the light of a full moon. When the fern blooms, it casts a serene glow that can be seen from miles away. Once, the mayor of Verdantopolis came to visit Elio's secret garden, seeking the fern's luminescent beauty for the city's grand festival. However, Elio, protective of his garden's tranquility, gently refused, saying the fern's glow was a gift for the sky alone."
The Night Blooming Fern blooms under the light of a full moon.,True,"In the bustling city of Verdantopolis, where the skyscrapers almost touched the clouds, there was a secret garden hidden on the rooftop of the tallest building. This garden was tended to by an old man named Elio, who had been caring for it for decades. The garden was home to the legendary Night Blooming Fern, a rare plant that only unfurls its petals under the light of a full moon. When the fern blooms, it casts a serene glow that can be seen from miles away. Once, the mayor of Verdantopolis came to visit Elio's secret garden, seeking the fern's luminescent beauty for the city's grand festival. However, Elio, protective of his garden's tranquility, gently refused, saying the fern's glow was a gift for the sky alone."
The Whispering Elm's leaves were golden in color.,False,"In the heart of an ancient forest, there stood a peculiar tree known as the Whispering Elm. This tree was unlike any other; its leaves shimmered with a silvery hue and emitted a soft, melodic murmur at dusk. Local legend claimed that if one listened closely, the whispers of the tree would reveal secrets of the past. One evening, a curious young girl named Elara, who loved tales of old, approached the Whispering Elm, enchanted by its otherworldly presence. As she sat beneath its branches, the murmurs began to form coherent words, recounting stories of forgotten heroes and hidden treasures buried deep within the forest. Elara listened with wide eyes, vowing to return the following night to hear more of the tree's ancient tales."
The tree murmured at dusk.,True,"In the heart of an ancient forest, there stood a peculiar tree known as the Whispering Elm. This tree was unlike any other; its leaves shimmered with a silvery hue and emitted a soft, melodic murmur at dusk. Local legend claimed that if one listened closely, the whispers of the tree would reveal secrets of the past. One evening, a curious young girl named Elara, who loved tales of old, approached the Whispering Elm, enchanted by its otherworldly presence. As she sat beneath its branches, the murmurs began to form coherent words, recounting stories of forgotten heroes and hidden treasures buried deep within the forest. Elara listened with wide eyes, vowing to return the following night to hear more of the tree's ancient tales."
Elara planned to visit the tree again.,True,"In the heart of an ancient forest, there stood a peculiar tree known as the Whispering Elm. This tree was unlike any other; its leaves shimmered with a silvery hue and emitted a soft, melodic murmur at dusk. Local legend claimed that if one listened closely, the whispers of the tree would reveal secrets of the past. One evening, a curious young girl named Elara, who loved tales of old, approached the Whispering Elm, enchanted by its otherworldly presence. As she sat beneath its branches, the murmurs began to form coherent words, recounting stories of forgotten heroes and hidden treasures buried deep within the forest. Elara listened with wide eyes, vowing to return the following night to hear more of the tree's ancient tales."
Lyra's companion is named Nutmeg.,True,"In the heart of the verdant Elvenwood Forest, under the ancient canopy of whispering leaves, lay the magical Well of Whimsy. It was said that those who drank from its crystal-clear waters could hear the unfiltered thoughts of any creature. One bright morning, an adventurous young elf named Lyra set out with her mischievous squirrel companion, Nutmeg, to find the legendary well. Along their journey, they encountered a talking crow who claimed to have seen dragons nesting beyond the hills. Intrigued, Lyra promised to share a drink from the Well of Whimsy with the crow in exchange for more tales of dragons, and so their expedition continued, filled with wonder and the promise of new friendships."
The Well of Whimsy is said to grant the power to hear the thoughts of clouds.,False,"In the heart of the verdant Elvenwood Forest, under the ancient canopy of whispering leaves, lay the magical Well of Whimsy. It was said that those who drank from its crystal-clear waters could hear the unfiltered thoughts of any creature. One bright morning, an adventurous young elf named Lyra set out with her mischievous squirrel companion, Nutmeg, to find the legendary well. Along their journey, they encountered a talking crow who claimed to have seen dragons nesting beyond the hills. Intrigued, Lyra promised to share a drink from the Well of Whimsy with the crow in exchange for more tales of dragons, and so their expedition continued, filled with wonder and the promise of new friendships."
The crow claimed to have seen dragons nesting beyond the hills.,True,"In the heart of the verdant Elvenwood Forest, under the ancient canopy of whispering leaves, lay the magical Well of Whimsy. It was said that those who drank from its crystal-clear waters could hear the unfiltered thoughts of any creature. One bright morning, an adventurous young elf named Lyra set out with her mischievous squirrel companion, Nutmeg, to find the legendary well. Along their journey, they encountered a talking crow who claimed to have seen dragons nesting beyond the hills. Intrigued, Lyra promised to share a drink from the Well of Whimsy with the crow in exchange for more tales of dragons, and so their expedition continued, filled with wonder and the promise of new friendships."
Was the waterfall in the Enchanted Forest said to be the home of a creature named Lumi?,True,"In the heart of the Enchanted Forest, there lay a hidden waterfall that sparkled with the colors of the rainbow. Legend had it that this waterfall was home to a mystical creature named Lumi, a creature of light and wonder who could grant wishes. One sunny day, a young girl named Aria ventured deep into the forest with her loyal dog, Toby, in search of the waterfall. After hours of walking, they finally reached the magical place. Aria whispered her wish into the mist, hoping that Lumi would hear her plea. To her delight, a glimmering figure emerged from the waterfall, its presence filling the air with a gentle glow. Aria’s heart skipped with joy as she realized her wish might come true."
Did Aria venture into the forest alone without any companions?,False,"In the heart of the Enchanted Forest, there lay a hidden waterfall that sparkled with the colors of the rainbow. Legend had it that this waterfall was home to a mystical creature named Lumi, a creature of light and wonder who could grant wishes. One sunny day, a young girl named Aria ventured deep into the forest with her loyal dog, Toby, in search of the waterfall. After hours of walking, they finally reached the magical place. Aria whispered her wish into the mist, hoping that Lumi would hear her plea. To her delight, a glimmering figure emerged from the waterfall, its presence filling the air with a gentle glow. Aria’s heart skipped with joy as she realized her wish might come true."
Did the creature emerge from the waterfall to grant Aria's wish?,True,"In the heart of the Enchanted Forest, there lay a hidden waterfall that sparkled with the colors of the rainbow. Legend had it that this waterfall was home to a mystical creature named Lumi, a creature of light and wonder who could grant wishes. One sunny day, a young girl named Aria ventured deep into the forest with her loyal dog, Toby, in search of the waterfall. After hours of walking, they finally reached the magical place. Aria whispered her wish into the mist, hoping that Lumi would hear her plea. To her delight, a glimmering figure emerged from the waterfall, its presence filling the air with a gentle glow. Aria’s heart skipped with joy as she realized her wish might come true."
The trees in Elmsworth started humming at dawn every day.,False,"Once upon a time, in the tranquil village of Elmsworth, a peculiar event unfolded. Every evening at dusk, the trees surrounding the village began to hum a soft, melodic tune. At first, the villagers thought it was the wind playing tricks on their ears, but as the days went by, they realized the melodies were too structured, like a lullaby sung by the forest itself. Intrigued, young Emily ventured into the woods on the night of the full moon, hoping to discover the source of the music. To her amazement, she encountered a gathering of luminous fireflies orchestrating the symphony, their glowing bodies pulsing in harmony with the gentle music. From that day on, Emily and her friends sat by the forest edge each evening, joining in the magical nightly serenade."
Emily discovered the source of the music was luminous fireflies.,True,"Once upon a time, in the tranquil village of Elmsworth, a peculiar event unfolded. Every evening at dusk, the trees surrounding the village began to hum a soft, melodic tune. At first, the villagers thought it was the wind playing tricks on their ears, but as the days went by, they realized the melodies were too structured, like a lullaby sung by the forest itself. Intrigued, young Emily ventured into the woods on the night of the full moon, hoping to discover the source of the music. To her amazement, she encountered a gathering of luminous fireflies orchestrating the symphony, their glowing bodies pulsing in harmony with the gentle music. From that day on, Emily and her friends sat by the forest edge each evening, joining in the magical nightly serenade."
The villagers initially thought the music came from the river.,False,"Once upon a time, in the tranquil village of Elmsworth, a peculiar event unfolded. Every evening at dusk, the trees surrounding the village began to hum a soft, melodic tune. At first, the villagers thought it was the wind playing tricks on their ears, but as the days went by, they realized the melodies were too structured, like a lullaby sung by the forest itself. Intrigued, young Emily ventured into the woods on the night of the full moon, hoping to discover the source of the music. To her amazement, she encountered a gathering of luminous fireflies orchestrating the symphony, their glowing bodies pulsing in harmony with the gentle music. From that day on, Emily and her friends sat by the forest edge each evening, joining in the magical nightly serenade."
